movie,year,imdb,metascore,votes
Logan,(2017),8.1,77,577548
Thor: Ragnarok,(2017),7.9,74,509477
Guardians of the Galaxy Vol. 2,(2017),7.6,67,503862
Wonder Woman,(2017),7.4,76,500948
Dunkirk,(2017),7.9,94,480986
Star Wars: Episode VIII - The Last Jedi,(2017),7.1,85,475960
Spider-Man: Homecoming,(2017),7.4,73,452683
Get Out,(I) (2017),7.7,84,420578
Blade Runner 2049,(2017),8.0,81,392319
It,(I) (2017),7.4,69,391344
Baby Driver,(2017),7.6,86,380897
"Three Billboards Outside Ebbing, Missouri",(2017),8.2,88,359925
Justice League,(2017),6.4,45,340096
The Shape of Water,(2017),7.3,87,320602
John Wick: Chapter 2,(2017),7.5,75,313066
Coco,(I) (2017),8.4,81,295648
Jumanji: Welcome to the Jungle,(2017),6.9,58,252965
Beauty and the Beast,(2017),7.2,65,245326
Kong: Skull Island,(2017),6.6,62,245158
Kingsman: The Golden Circle,(2017),6.8,44,239004
Pirates of the Caribbean: Dead Men Tell No Tales,(2017),6.6,39,235020
Alien: Covenant,(2017),6.4,65,232326
War for the Planet of the Apes,(2017),7.4,82,207101
The Greatest Showman,(2017),7.6,48,206090
Life,(I) (2017),6.6,54,187094
The Fate of the Furious,(2017),6.7,56,186145
Lady Bird,(2017),7.4,94,185682
Murder on the Orient Express,(2017),6.5,52,183473
Ghost in the Shell,(2017),6.3,52,181076
Wind River,(2017),7.7,73,175698
King Arthur: Legend of the Sword,(2017),6.8,41,173112
The Hitman's Bodyguard,(2017),6.9,47,166405
Mother!,(2017),6.6,75,164159
Call Me by Your Name,(2017),7.9,93,161937
The Mummy,(2017),5.5,34,158792
Atomic Blonde,(2017),6.7,63,155744
Bright,(I) (2017),6.4,29,151851
"I, Tonya",(2017),7.5,77,148674
Valerian and the City of a Thousand Planets,(2017),6.5,51,144715
Baywatch,(2017),5.5,37,143307
Darkest Hour,(2017),7.4,75,141789
American Made,(2017),7.1,65,137514
Transformers: The Last Knight,(2017),5.2,27,122675
